age,income,debt_ratio,credit_score,months_employed,num_credit_lines,num_late_payments,loan_amount,savings_balance,employment_type,default
60,111418.44,0.1904,702.0,326,5,0,21.65,55.04,全职,0
50,48078.67,0.1533,764.0,350,8,3,12.59,59.04,自雇,0
36,51201.17,0.2454,737.0,50,5,4,8.83,25.48,全职,0
64,30525.86,0.1,654.0,80,4,1,13.14,280.92,全职,0
29,33199.39,0.2761,743.0,35,5,0,15.34,107.54,全职,0
42,16346.07,0.4338,656.0,66,3,0,18.08,58.74,全职,0
60,50391.51,0.4135,657.0,128,5,0,21.85,32.5,全职,0
40,171586.81,0.2234,670.0,154,5,3,32.08,23.72,全职,0
44,29457.1,0.1343,672.0,244,4,1,15.64,81.28,全职,0
32,217096.77,0.5101,713.0,110,2,1,55.91,34.0,全职,0
32,99421.7,0.1624,646.0,167,4,2,19.48,62.41,全职,1
45,38684.94,0.542,724.0,141,4,1,42.08,8.17,自雇,0
57,49693.65,0.0898,724.0,355,1,1,15.74,32.14,兼职,0
61,45818.8,0.773,697.0,196,8,2,180.36,48.96,自雇,0
45,115045.39,0.4146,777.0,108,4,1,29.19,143.71,兼职,1
24,63481.76,0.1945,744.0,78,10,1,74.31,21.71,全职,0
43,88520.29,0.1304,733.0,160,6,0,11.53,12.36,全职,1
23,58634.93,0.0937,683.0,18,3,0,14.05,85.18,全职,0
45,46351.72,0.3875,698.0,126,6,1,16.42,51.21,全职,0
51,57711.5,0.4107,706.0,204,4,2,145.24,9.76,全职,0
59,39995.73,0.1552,681.0,28,3,2,16.94,10.26,兼职,0
23,23715.83,0.1543,661.0,206,2,0,10.39,28.59,全职,0
42,73632.68,0.2416,560.0,279,3,1,56.87,50.21,自雇,1
54,23142.31,0.2731,716.0,150,5,1,21.05,219.05,全职,0
33,42855.23,0.0988,732.0,239,3,2,16.87,18.52,兼职,0
43,39342.78,0.4801,622.0,265,4,1,12.33,93.58,全职,0
46,67621.21,0.3224,710.0,181,3,3,29.7,7.68,全职,0
48,107189.36,0.2777,650.0,104,6,0,47.0,78.33,自雇,0
63,89543.99,0.4551,662.0,235,5,1,37.73,246.31,全职,0
49,68611.3,0.2849,746.0,172,5,1,13.69,62.91,全职,0
37,35777.13,0.1917,630.0,157,4,3,9.11,27.99,全职,1
36,44723.99,0.2941,630.0,171,4,3,0.81,187.27,全职,1
24,41579.53,0.3579,770.0,310,6,1,9.43,77.39,全职,0
58,38748.96,0.1382,673.0,156,4,1,14.91,63.66,全职,0
28,40085.68,0.3296,742.0,257,6,1,19.16,19.73,全职,0
42,39554.35,0.284,600.0,163,4,1,16.17,78.55,全职,0
30,38688.08,0.4008,604.0,146,5,1,188.8,27.53,全职,0
60,78900.39,0.3409,634.0,153,5,1,29.76,74.55,兼职,0
39,28931.36,0.4584,656.0,37,4,0,7.46,57.31,兼职,0
25,34039.03,0.0879,610.0,130,5,0,33.94,161.44,全职,1
46,22209.97,0.0475,698.0,357,3,1,27.47,30.69,全职,0
35,99482.94,0.4849,702.0,254,4,2,8.67,47.02,全职,1
30,32917.13,0.0601,635.0,207,6,1,25.31,121.31,兼职,0
47,68212.81,0.212,639.0,94,6,1,30.7,43.12,兼职,0
23,62171.96,0.2291,646.0,347,1,0,45.59,53.44,自雇,0
41,94790.01,0.1986,622.0,326,3,2,4.85,36.35,全职,1
49,44134.26,0.319,535.0,170,4,1,33.73,46.36,全职,1
28,30522.83,0.3401,676.0,249,6,2,62.05,106.8,全职,0
29,22519.23,0.1453,658.0,189,4,0,90.94,342.38,全职,0
56,12181.6,0.4568,664.0,198,3,0,7.53,10.19,全职,0
35,53139.54,0.3441,629.0,220,14,1,17.87,15.41,全职,0
38,72239.07,0.0382,721.0,23,5,2,19.31,47.4,兼职,0
57,62059.2,0.1746,801.0,243,4,1,34.48,57.38,全职,0
61,22813.73,0.4663,638.0,323,5,2,17.61,43.92,兼职,1
25,82405.96,0.0244,750.0,127,5,1,11.33,31.4,全职,0
23,34575.2,0.0102,698.0,92,7,0,23.9,15.92,自雇,0
27,31149.34,0.4866,682.0,299,7,1,15.33,29.64,自雇,1
63,34189.84,0.1615,663.0,132,7,1,31.49,123.62,自雇,0
25,50980.8,0.1231,676.0,54,2,1,10.51,59.92,兼职,0
50,23333.59,0.3048,737.0,157,5,2,8.87,107.29,兼职,0
39,48121.39,0.3171,623.0,28,3,0,57.53,16.39,全职,0
47,60762.26,0.1895,666.0,210,7,1,123.72,231.4,全职,0
55,85277.16,0.3216,742.0,153,2,0,86.3,31.13,全职,1
31,53528.97,0.3679,729.0,292,6,0,18.96,87.81,兼职,0
57,25089.02,0.4289,624.0,221,4,3,46.72,48.18,自雇,1
35,52809.43,0.3246,671.0,114,8,3,11.6,31.82,全职,0
52,28850.16,0.239,716.0,157,5,0,30.16,84.17,全职,0
36,28029.91,0.1171,713.0,258,1,1,12.59,99.54,全职,0
29,24801.22,0.6523,729.0,250,2,0,54.88,802.73,自雇,0
35,18851.98,0.1385,699.0,121,3,0,49.34,103.47,全职,0
44,36916.67,0.2528,708.0,298,6,2,105.72,101.93,全职,0
61,86201.63,0.4551,697.0,262,8,3,16.72,171.55,全职,1
42,151485.02,0.1484,759.0,48,4,0,71.04,92.93,全职,0
37,36798.32,0.2688,659.0,328,3,1,30.12,52.52,全职,0
39,84377.22,0.3992,682.0,296,6,1,21.33,75.62,全职,0
45,40243.7,0.2345,629.0,76,6,1,26.3,128.36,兼职,0
47,21474.73,0.0979,619.0,126,8,0,78.13,219.37,全职,1
46,69596.61,0.3928,696.0,196,6,1,18.07,12.05,全职,0
62,55127.67,0.2499,644.0,220,6,1,18.82,8.25,兼职,1
50,121662.95,0.0191,677.0,90,5,1,3.85,210.27,自雇,0
36,22757.74,0.1836,761.0,7,4,1,17.86,24.59,自雇,0
22,198395.21,0.5615,758.0,31,5,2,24.82,10.4,全职,0
46,108646.92,0.4121,791.0,319,5,2,10.92,9.47,自雇,0
28,48583.45,0.2921,762.0,268,6,2,8.97,330.91,全职,0
30,42221.34,0.3802,800.0,190,11,0,4.57,131.32,兼职,0
45,34272.38,0.2001,702.0,348,8,2,12.58,24.65,全职,0
22,51785.54,0.0796,635.0,162,7,2,62.61,25.69,全职,0
29,44713.55,0.2885,630.0,60,7,0,6.14,57.68,全职,1
45,63379.62,0.2638,750.0,263,4,0,37.76,128.95,全职,0
32,42311.6,0.2672,683.0,284,8,3,40.59,40.69,兼职,0
38,99457.12,0.2876,686.0,94,6,2,142.92,24.88,全职,0
29,52183.57,0.1682,653.0,40,2,2,46.09,169.87,全职,1
56,43113.5,0.2951,659.0,148,4,0,43.11,53.21,全职,0
56,81809.06,0.2671,699.0,203,0,2,26.95,45.08,全职,0
54,21779.8,0.1833,627.0,266,6,2,20.1,98.7,自雇,0
26,58133.31,0.5198,693.0,1,0,1,39.72,6.45,兼职,1
63,49651.59,0.4009,756.0,177,7,0,54.54,87.72,自雇,0
60,24211.3,0.5686,573.0,193,9,1,23.02,82.34,全职,1
62,20863.33,0.3532,603.0,335,7,3,56.46,13.75,全职,1
49,81240.77,0.2752,714.0,195,2,0,201.66,7.84,全职,0
28,79331.88,0.0193,748.0,342,4,1,21.26,31.05,全职,1
30,53438.1,0.0884,656.0,248,8,3,21.74,65.56,全职,0
29,115650.6,0.1928,580.0,211,5,1,18.66,72.59,兼职,0
33,61113.26,0.6399,752.0,152,5,0,22.35,300.08,全职,1
55,91574.0,0.1155,639.0,157,6,1,53.44,65.59,全职,0
54,60485.7,0.0644,662.0,138,2,1,21.53,13.48,全职,0
44,42706.02,0.23,696.0,220,4,0,23.37,42.48,全职,0
45,28889.53,0.0908,647.0,272,7,1,16.45,14.9,兼职,0
58,36253.16,0.0754,636.0,153,3,0,29.7,45.65,全职,0
56,43106.92,0.1738,637.0,248,6,0,13.43,223.39,全职,1
61,96913.74,0.078,773.0,278,2,0,7.53,86.42,全职,0
43,72038.77,0.3426,738.0,303,8,1,28.74,26.55,自雇,0
48,57824.02,0.3996,709.0,275,10,1,97.86,98.73,自雇,1
56,75735.7,0.1098,571.0,1,5,2,15.93,25.08,全职,0
22,63811.7,0.4542,709.0,87,4,2,8.73,3.44,全职,0
56,55880.39,0.1291,706.0,286,4,1,92.99,15.9,全职,0
58,23171.31,0.1919,616.0,129,8,1,20.83,86.35,全职,0
35,86645.36,0.204,693.0,77,9,0,42.76,118.2,自雇,0
24,38977.67,0.3831,733.0,259,7,0,11.21,304.19,自雇,1
22,84480.0,0.7065,708.0,240,7,0,20.24,76.8,兼职,0
26,88663.64,0.1145,646.0,140,3,0,61.59,210.01,全职,0
47,35065.76,0.4422,681.0,227,8,0,22.3,102.52,自雇,0
35,78814.95,0.3477,717.0,162,7,2,22.52,139.41,全职,0
60,40925.4,0.1631,683.0,235,2,0,6.11,164.3,兼职,0
48,41047.44,0.3808,743.0,127,5,2,37.7,88.86,全职,0
30,55755.79,0.2781,700.0,199,7,3,10.71,159.95,全职,0
36,56513.58,0.0792,718.0,30,6,2,49.19,27.15,全职,0
36,49974.88,0.3215,721.0,137,1,2,23.62,4.82,全职,0
47,25156.11,0.2277,627.0,20,3,0,25.35,104.66,全职,1
63,46132.67,0.2202,682.0,233,4,1,37.26,79.42,兼职,0
34,153160.15,0.3668,663.0,201,4,2,27.12,22.75,全职,1
53,12185.45,0.1309,732.0,278,3,1,79.42,15.45,全职,0
60,75725.5,0.4558,703.0,130,7,0,69.97,62.22,全职,0
53,83163.39,0.4435,671.0,147,9,1,7.59,111.82,全职,0
25,24855.3,0.2898,616.0,28,4,1,17.52,91.83,自雇,0
51,38765.29,0.3181,600.0,307,3,2,39.22,19.69,全职,0
58,29721.96,0.3613,696.0,161,4,0,9.45,24.65,全职,1
44,123869.35,0.3781,644.0,356,4,2,5.73,106.64,自雇,0
60,85094.07,0.2655,713.0,339,6,1,10.93,58.71,兼职,0
36,87178.47,0.092,598.0,60,3,1,18.32,157.61,全职,1
64,52068.93,0.3205,760.0,124,10,2,0.78,39.52,兼职,0
50,94470.79,0.1307,713.0,70,5,0,8.24,114.38,全职,0
57,48819.33,0.148,685.0,325,5,3,4.84,52.48,兼职,0
34,96720.32,0.3602,764.0,242,3,0,50.27,26.5,全职,0
53,45508.38,0.11,727.0,248,2,1,42.32,138.13,自雇,0
28,34904.78,0.4539,656.0,220,7,0,25.1,20.24,全职,1
43,121233.67,0.1918,684.0,20,5,1,21.76,58.8,全职,1
49,48512.44,0.1776,582.0,81,4,0,31.06,65.2,全职,0
23,31275.8,0.2961,733.0,343,6,1,9.04,48.41,全职,0
63,31106.84,0.3348,665.0,9,5,0,54.72,147.05,自雇,0
27,31154.4,0.4898,581.0,11,4,0,21.64,96.8,全职,1
49,74773.68,0.4474,621.0,262,7,0,41.85,85.92,全职,1
49,46656.55,0.3636,724.0,144,4,2,40.49,58.47,全职,0
41,154659.23,0.3945,761.0,191,2,1,30.79,349.44,全职,0
51,88706.56,0.563,681.0,249,3,0,25.8,236.2,自雇,1
32,55746.45,0.3215,631.0,113,8,0,24.31,136.92,全职,0
49,98908.33,0.0835,609.0,25,5,2,19.1,116.18,全职,0
46,38263.29,0.344,751.0,270,6,1,29.56,29.9,兼职,1
60,19391.83,0.3812,702.0,32,2,1,23.69,51.98,兼职,0
54,29887.88,0.4138,663.0,61,3,2,13.6,103.11,全职,1
22,52765.03,0.2486,652.0,228,3,3,32.71,156.27,全职,1
48,43858.74,0.3988,714.0,302,7,0,25.14,133.23,兼职,0
34,74028.67,0.2173,712.0,94,5,2,52.87,97.61,兼职,0
62,46059.67,0.0911,635.0,34,2,1,4.72,403.68,兼职,0
24,71254.79,0.4603,623.0,192,2,1,20.68,47.68,自雇,1
60,103827.47,0.4001,625.0,75,7,0,11.25,150.38,兼职,0
27,45988.75,0.3079,657.0,248,8,0,13.28,133.15,兼职,1
29,64703.63,0.1166,646.0,82,4,3,31.43,85.12,自雇,0
48,20386.06,0.426,761.0,24,4,2,6.37,88.28,全职,0
30,46076.25,0.3248,655.0,56,4,0,22.34,86.52,全职,0
58,26476.71,0.8413,618.0,31,3,0,20.58,26.89,全职,0
54,52712.79,0.3171,620.0,318,4,0,8.67,81.52,全职,0
63,55160.36,0.0258,671.0,11,6,1,22.79,115.39,兼职,0
45,55068.78,0.1136,589.0,318,5,1,10.92,75.33,兼职,0
36,38558.76,0.0889,677.0,332,5,0,116.51,8.65,兼职,0
53,154698.67,0.0219,613.0,91,3,1,52.54,11.18,自雇,0
53,26003.57,0.3454,738.0,0,6,1,21.2,24.09,全职,0
45,25220.87,0.5414,686.0,325,4,3,14.22,48.82,兼职,0
62,112138.41,0.0762,786.0,135,2,1,30.06,25.42,全职,0
33,34470.54,0.1943,669.0,195,5,2,37.11,104.16,全职,1
60,30566.34,0.408,523.0,132,7,0,24.62,179.83,全职,0
23,155042.72,0.3253,753.0,85,8,1,8.92,207.2,兼职,0
24,80246.74,0.0031,705.0,294,0,1,16.98,76.46,全职,0
58,36416.15,0.1892,713.0,278,5,1,21.38,161.44,兼职,0
38,54652.7,0.1622,630.0,323,4,2,25.34,31.11,全职,0
23,129694.33,0.2257,678.0,179,6,0,25.81,46.92,全职,0
23,69272.99,0.2602,689.0,3,4,0,36.04,17.0,全职,0
49,93253.25,0.5434,668.0,125,7,1,58.75,182.53,全职,1
44,73306.28,0.1383,593.0,174,2,0,45.15,389.92,自雇,0
58,78051.7,0.1068,818.0,250,3,2,32.21,38.53,全职,0
53,50004.63,0.3115,722.0,20,3,0,7.34,6.23,自雇,1
54,49299.75,0.0526,701.0,104,5,2,51.89,21.0,自雇,0
22,56023.43,0.3512,746.0,65,6,1,38.67,28.5,自雇,1
40,70772.54,0.447,712.0,262,9,4,16.37,14.49,全职,1
23,42546.05,0.2195,646.0,48,6,0,20.57,19.49,自雇,0
47,52105.56,0.1444,742.0,15,7,1,21.17,67.0,全职,1
53,41974.9,0.2481,723.0,144,2,1,14.15,105.61,全职,0
27,51939.89,0.3584,648.0,339,2,0,4.96,6.93,全职,0
53,26225.88,0.0376,720.0,249,8,1,8.22,32.07,自雇,0
25,180410.26,0.4094,668.0,342,8,2,9.73,56.69,全职,0
32,33980.09,0.3354,690.0,353,8,0,4.16,18.79,全职,1
38,40915.72,0.3819,710.0,74,7,0,8.24,69.14,全职,0
59,32544.63,0.3972,748.0,289,6,0,50.05,48.53,全职,0
45,66692.94,0.1254,648.0,281,2,0,29.63,34.86,全职,0
26,44444.6,0.2704,698.0,65,7,1,9.24,23.0,兼职,0
55,30275.57,0.4777,781.0,124,6,0,11.58,71.77,全职,0
27,68080.2,0.3474,671.0,318,5,0,53.7,25.44,自雇,0
43,72825.73,0.0685,690.0,86,6,0,52.65,9.65,全职,0
32,47408.74,0.2771,781.0,40,4,3,21.24,55.82,自雇,1
37,35178.38,0.1936,712.0,185,4,1,51.41,15.82,全职,0
54,146610.25,0.2698,606.0,353,4,0,10.88,10.53,全职,1
30,58106.56,0.1751,640.0,334,5,1,24.09,62.15,全职,1
27,25925.06,0.161,714.0,265,4,1,6.18,46.39,全职,1
37,99411.22,0.3455,701.0,270,7,1,15.01,22.96,兼职,0
50,31955.92,0.3292,688.0,41,2,1,20.54,68.64,全职,0
24,193095.31,0.2375,788.0,92,4,1,5.22,83.42,兼职,0
41,51012.65,0.4502,649.0,184,1,0,32.28,69.4,兼职,0
57,81361.54,0.5026,676.0,214,6,2,36.9,66.92,全职,1
40,17326.48,0.1261,582.0,16,1,3,45.1,10.96,全职,1
47,25794.84,0.5994,738.0,264,6,2,129.98,198.99,全职,1
24,95504.61,0.4764,640.0,113,6,1,28.03,95.34,全职,0
40,57463.63,0.0277,733.0,291,0,0,19.08,21.1,全职,0
41,136107.22,0.059,728.0,291,6,2,5.58,53.96,自雇,1
53,62479.11,0.3478,797.0,47,1,0,27.48,65.25,全职,0
28,52714.62,0.2409,712.0,306,4,1,31.42,52.49,全职,0
62,115472.42,0.0477,662.0,96,6,2,6.79,328.02,全职,1
54,81232.32,0.2492,703.0,94,7,0,16.58,7.8,全职,0
61,44438.85,0.1309,642.0,325,6,2,20.27,12.48,兼职,0
60,28366.04,0.2881,696.0,73,3,0,30.68,5.48,兼职,0
39,14975.82,0.4932,670.0,335,7,1,39.84,59.14,兼职,0
61,39386.06,0.4919,676.0,67,6,1,13.08,94.07,兼职,1
22,27087.63,0.2949,635.0,245,5,0,23.6,78.38,全职,0
32,179665.55,0.0346,695.0,76,7,0,31.78,40.89,全职,1
49,35412.3,0.5641,721.0,207,4,0,17.37,81.99,全职,0
46,34931.54,0.2305,597.0,253,7,0,14.34,40.59,兼职,0
44,22911.12,0.1997,646.0,220,1,1,35.52,114.52,兼职,1
52,42909.19,0.4765,688.0,261,2,1,17.42,165.22,全职,0
51,35162.4,0.469,563.0,330,2,2,7.71,21.52,全职,1
63,116875.52,0.5029,767.0,343,6,1,60.25,40.95,全职,0
56,53329.13,0.6367,644.0,258,8,2,8.42,48.15,自雇,1
28,48804.02,0.3803,633.0,307,6,0,18.62,227.11,全职,0
37,45828.6,0.2015,670.0,73,0,0,25.98,24.2,兼职,0
47,72626.67,0.1784,687.0,124,10,1,28.91,163.64,全职,0
23,39098.36,0.4211,642.0,187,2,1,23.0,12.6,全职,1
22,68432.49,0.4132,729.0,253,5,0,1.91,189.34,兼职,0
33,109862.51,0.2344,700.0,320,8,0,11.45,127.98,全职,0
26,61699.89,0.3172,638.0,307,5,0,25.46,46.73,兼职,0
58,43266.52,0.1859,654.0,234,4,1,18.41,136.55,兼职,0
53,30432.62,0.4585,604.0,249,3,1,30.25,33.08,全职,0
30,42720.66,0.7039,617.0,331,7,0,45.48,21.7,兼职,1
62,64960.81,0.4184,699.0,344,7,1,30.12,300.81,全职,0
56,22782.23,0.1212,639.0,71,3,1,11.21,31.78,全职,1
40,74292.95,0.3987,770.0,234,3,1,13.06,107.45,兼职,0
37,54382.97,0.0465,684.0,323,2,2,74.08,165.48,全职,0
24,45497.17,0.1858,612.0,155,2,1,17.4,122.28,全职,1
41,35252.56,0.18,623.0,114,7,0,18.61,99.41,自雇,0
45,38631.03,0.104,733.0,312,4,3,30.2,107.79,全职,0
54,66082.09,0.3913,676.0,227,1,1,54.04,157.19,兼职,0
45,45976.89,0.4593,730.0,321,3,0,9.77,75.02,兼职,1
32,38155.68,0.039,662.0,345,10,3,13.51,52.48,全职,1
29,61962.32,0.276,652.0,244,3,0,5.57,13.89,全职,0
57,63202.23,0.199,736.0,305,6,3,15.85,75.05,全职,0
59,26249.77,0.3744,637.0,13,4,1,31.63,152.68,全职,0
61,65234.28,0.3666,704.0,15,5,0,15.01,18.16,兼职,0
41,171244.75,0.2033,669.0,41,3,1,82.09,43.42,兼职,0
56,61995.09,0.2556,724.0,109,7,0,22.04,83.54,全职,0
46,20962.63,0.2265,771.0,277,5,0,18.51,247.74,全职,0
56,53566.96,0.0619,660.0,323,2,1,15.15,17.14,自雇,0
46,19625.64,0.0228,653.0,18,6,1,6.77,120.72,全职,0
50,238872.65,0.1352,713.0,65,3,0,18.69,38.18,兼职,0
39,149917.04,0.1601,626.0,166,2,2,26.75,27.84,兼职,0
39,35137.73,0.3242,761.0,72,7,1,18.28,21.8,全职,0
23,15949.24,0.1043,752.0,309,6,0,24.16,28.35,全职,0
56,31596.9,0.4018,630.0,111,3,0,11.75,89.94,兼职,1
37,44779.45,0.1831,601.0,273,5,0,7.42,43.48,全职,0
62,20314.05,0.2995,622.0,84,7,4,18.45,111.52,全职,1
57,47357.89,0.4267,623.0,138,4,4,23.96,17.78,兼职,0
54,44632.19,0.3997,720.0,38,4,0,17.55,109.62,兼职,0
25,52186.41,0.6257,757.0,104,3,3,23.64,84.25,全职,1
54,54985.38,0.1269,720.0,323,6,1,37.39,12.09,全职,0
35,30248.18,0.2831,668.0,280,4,0,37.27,246.22,全职,0
42,31993.66,0.2935,697.0,122,5,1,39.88,76.7,全职,0
41,50151.12,0.0371,637.0,217,7,0,44.89,117.38,全职,0
29,35757.09,0.4134,735.0,60,4,1,29.89,173.49,全职,0
28,77168.56,0.0656,702.0,99,3,1,26.71,143.79,全职,0
24,49908.53,0.0437,719.0,306,1,0,95.05,48.13,全职,0
38,124554.87,0.6094,644.0,353,5,0,37.6,112.75,全职,1
54,73883.23,0.2327,672.0,203,8,0,10.22,8.93,全职,0
33,85123.37,0.3821,716.0,257,5,0,4.52,80.94,全职,1
43,52380.15,0.6123,752.0,4,5,2,16.56,308.74,全职,0
43,53033.59,0.192,650.0,196,3,0,33.11,27.24,自雇,1
51,116501.6,0.6065,719.0,179,3,1,43.26,136.38,全职,0
59,40572.82,0.113,644.0,341,6,2,7.39,321.5,全职,0
59,64433.55,0.1288,786.0,132,5,0,36.0,108.77,自雇,0
29,42910.9,0.3379,659.0,323,7,1,49.79,152.23,全职,0
48,42859.47,0.6535,712.0,252,6,0,32.69,11.36,兼职,0
48,27324.85,0.3817,688.0,264,8,0,28.01,21.44,全职,0
55,33817.81,0.2374,810.0,92,8,2,18.06,228.09,全职,0
42,30818.34,0.3589,691.0,149,8,1,13.9,142.64,全职,0
51,65985.11,0.4643,654.0,137,9,1,37.65,89.66,全职,1
54,82462.83,0.0546,712.0,207,5,2,32.03,41.9,全职,0
49,46752.51,0.334,711.0,124,3,0,15.46,72.58,全职,0
54,54984.9,0.1809,672.0,233,4,0,153.5,310.49,全职,0
26,45422.57,0.3502,625.0,60,5,0,6.0,49.31,自雇,0
40,32683.06,0.2087,654.0,306,6,1,16.68,109.86,全职,1
25,75442.91,0.2465,724.0,265,7,1,10.84,107.02,全职,0
56,67932.33,0.2266,593.0,133,4,1,27.31,28.05,全职,0
38,19029.14,0.4793,668.0,317,6,1,4.22,30.31,全职,0
49,42550.44,0.6039,730.0,112,13,0,55.45,251.39,兼职,0
51,31539.19,0.0887,675.0,190,3,1,44.9,96.56,全职,0
50,40317.09,0.2644,789.0,186,7,2,24.88,27.65,全职,0
27,35058.88,0.3531,593.0,318,7,0,15.67,39.99,兼职,1
56,47896.12,0.2815,632.0,88,2,3,35.63,20.38,兼职,0
62,41566.2,0.3716,564.0,186,5,1,26.13,158.62,全职,1
58,41127.39,0.4948,780.0,306,2,1,43.02,42.45,全职,1
45,85279.91,0.2397,633.0,131,4,0,18.21,43.02,全职,1
50,64769.45,0.1387,581.0,359,3,1,17.37,126.59,全职,0
52,34477.17,0.3765,649.0,122,3,3,47.57,10.18,全职,1
56,37131.71,0.0496,610.0,47,1,0,33.35,52.62,全职,0
54,62686.2,0.5127,650.0,287,7,0,17.48,54.01,自雇,1
42,62643.16,0.1425,682.0,178,4,0,26.96,41.03,全职,0
53,36246.93,0.0175,720.0,179,9,2,23.29,31.51,全职,0
44,43608.38,0.3338,671.0,98,4,2,29.19,26.84,全职,0
54,123426.73,0.0675,681.0,329,6,0,55.45,72.42,全职,1
24,36560.58,0.5741,651.0,33,3,1,15.18,19.88,全职,1
39,127440.17,0.4039,604.0,69,8,1,11.99,64.15,全职,1
46,85121.38,0.148,588.0,170,6,0,25.0,31.41,全职,0
63,116158.18,0.1957,662.0,271,5,2,13.08,33.57,全职,0
52,35791.44,0.0936,684.0,58,3,1,9.69,66.49,全职,0
24,45058.73,0.4503,658.0,180,11,0,44.47,33.2,全职,1
61,39160.27,0.4369,590.0,18,7,1,15.96,193.84,全职,1
45,86109.64,0.417,690.0,225,6,1,4.51,47.46,全职,0
53,36907.06,0.1603,761.0,94,6,0,39.56,155.5,全职,0
43,70658.08,0.4973,674.0,296,6,1,14.15,25.48,全职,1
44,68813.12,0.5245,651.0,80,6,3,31.89,24.93,兼职,0
23,47857.6,0.3846,677.0,174,5,0,47.79,10.35,兼职,0
48,93838.44,0.2138,625.0,221,8,2,23.38,33.38,全职,0
63,51732.42,0.2738,622.0,102,6,2,3.94,43.27,兼职,0
23,74387.47,0.205,703.0,53,8,1,4.17,58.97,全职,0
47,38278.68,0.1858,730.0,182,13,0,11.73,109.66,兼职,0
38,34141.93,0.4466,673.0,350,4,1,19.19,101.98,全职,0
61,70655.61,0.6033,581.0,317,1,0,52.46,169.97,全职,0
54,60804.56,0.2147,698.0,354,4,0,25.36,22.48,全职,0
30,55362.28,0.1175,783.0,348,2,1,163.01,56.31,全职,0
64,41280.93,0.2196,668.0,320,7,1,6.09,20.08,自雇,0
60,106362.12,0.4504,671.0,67,4,1,22.13,82.62,全职,0
50,28048.97,0.1523,636.0,27,5,1,14.06,331.71,全职,0
63,27291.44,0.3471,704.0,273,8,4,24.23,16.5,全职,0
47,78518.01,0.4123,646.0,281,6,2,81.56,108.59,全职,1
56,75361.23,0.3984,731.0,359,5,3,85.79,155.81,全职,1
46,58505.81,0.3553,647.0,310,2,3,20.98,22.36,全职,1
45,42447.53,0.2066,697.0,118,6,2,40.01,84.46,全职,0
34,63020.23,0.3117,678.0,133,5,1,23.87,38.09,兼职,0
28,115892.13,0.3734,758.0,128,6,2,8.5,48.37,全职,1
57,172434.56,0.2064,700.0,7,3,1,20.32,36.85,全职,1
41,21413.85,0.1912,749.0,50,6,0,13.41,43.6,全职,0
22,39756.95,0.0393,685.0,340,6,3,19.1,173.39,自雇,0
29,38526.95,0.4217,671.0,280,4,2,10.16,50.44,全职,0
37,110554.04,0.058,678.0,174,7,0,22.74,29.91,全职,0
35,14176.66,0.1921,641.0,182,4,0,25.65,58.5,自雇,0
33,63380.88,0.6265,707.0,191,0,1,35.28,6.54,全职,0
44,43113.65,0.3957,645.0,248,9,0,25.74,24.12,全职,0
36,111196.74,0.4667,686.0,234,1,2,74.27,190.3,全职,0
49,103830.95,0.3339,723.0,82,6,1,116.02,47.21,自雇,0
55,58850.37,0.3783,759.0,92,4,1,14.53,33.85,自雇,1
23,22250.92,0.4506,688.0,311,5,1,43.64,64.91,兼职,0
53,36792.72,0.1438,723.0,267,6,0,109.04,114.05,全职,0
44,38863.25,0.2817,717.0,119,8,2,44.56,206.18,全职,0
43,25254.83,0.4842,661.0,70,4,3,35.65,34.78,全职,0
46,87316.27,0.2048,785.0,16,5,1,4.68,35.59,兼职,0
43,23701.34,0.3635,651.0,252,10,0,12.85,43.68,自雇,0
43,130962.17,0.0692,685.0,121,5,1,14.44,152.8,全职,0
63,130798.25,0.5192,753.0,9,7,1,60.93,57.8,全职,0
27,40435.76,0.3368,751.0,286,6,0,11.2,476.22,全职,0
36,57771.32,0.3722,681.0,315,4,0,18.76,46.48,全职,0
64,47280.74,0.5314,730.0,325,3,2,39.34,318.46,全职,0
58,76950.1,0.2353,669.0,272,5,1,10.8,22.35,全职,0
54,92719.93,0.1522,656.0,305,4,1,25.11,13.6,全职,0
29,55770.4,0.1633,619.0,292,4,1,22.62,49.33,全职,0
26,61979.46,0.2514,716.0,209,5,1,40.52,170.61,兼职,0
60,35943.3,0.2598,721.0,217,2,3,34.02,33.89,兼职,0
25,60983.4,0.261,652.0,240,7,0,33.18,29.47,自雇,1
27,53176.99,0.1928,693.0,199,3,1,23.59,152.17,兼职,0
53,31073.25,0.4184,813.0,215,5,0,5.26,110.51,全职,1
51,48677.95,0.1649,737.0,204,6,0,22.46,24.72,全职,0
56,40473.74,0.3361,635.0,215,8,1,20.99,23.32,自雇,1
61,36143.49,0.0858,730.0,79,5,2,37.09,125.12,全职,0
37,27632.68,0.3089,635.0,266,3,1,14.32,10.68,全职,0
34,50576.96,0.3169,535.0,34,3,2,20.77,160.7,全职,1
63,33182.01,0.1655,679.0,288,5,0,21.3,109.05,兼职,0
51,38732.95,0.3683,758.0,17,7,3,11.36,5.58,全职,0
40,83915.21,0.4714,750.0,164,5,0,7.98,55.45,全职,0
38,67242.32,0.2917,699.0,12,5,1,27.28,7.55,全职,0
40,30049.96,0.3647,653.0,201,10,0,44.98,16.36,兼职,0
49,58451.09,0.5438,704.0,228,2,3,12.18,33.02,全职,0
47,52385.77,0.1855,667.0,345,6,0,16.87,15.37,全职,1
58,114788.67,0.2442,654.0,0,7,2,39.0,501.78,全职,0
47,97887.34,0.2786,733.0,318,4,1,42.16,129.55,兼职,0
44,22768.33,0.4583,654.0,216,11,2,24.17,214.31,兼职,1
30,75400.1,0.117,736.0,33,5,0,27.98,47.45,全职,0
33,92281.47,0.2381,650.0,358,4,2,30.74,56.29,全职,0
22,64840.11,0.4232,783.0,265,1,1,35.47,265.26,自雇,0
22,41452.1,0.3404,598.0,127,11,1,8.52,84.25,全职,0
55,163848.41,0.5142,632.0,211,3,1,93.11,100.71,兼职,0
53,67894.12,0.3406,672.0,262,2,1,25.01,21.95,全职,0
46,131698.72,0.3093,581.0,311,7,0,36.01,21.85,全职,1
61,96349.67,0.3718,551.0,79,5,0,10.92,70.88,兼职,1
22,61825.26,0.3112,581.0,164,1,2,17.31,79.28,全职,1
37,36685.97,0.3865,665.0,251,6,0,27.16,20.14,全职,0
60,48433.53,0.1686,667.0,11,4,2,4.74,78.14,全职,0
26,43872.53,0.1741,697.0,303,9,1,9.77,16.09,兼职,0
43,26708.59,0.2813,670.0,211,4,0,11.24,55.36,全职,0
50,67855.84,0.2825,695.0,281,9,0,7.22,12.97,全职,0
24,107331.4,0.1732,657.0,111,5,1,21.86,206.02,自雇,0
33,42228.4,0.3492,716.0,210,2,3,18.93,40.0,全职,0
47,144614.7,0.1122,710.0,238,8,0,62.74,27.29,全职,0
37,22498.61,0.6722,664.0,267,2,1,8.19,17.36,全职,0
58,83048.64,0.4706,707.0,297,7,2,24.24,15.77,自雇,0
43,113069.74,0.0828,670.0,316,9,1,9.93,84.47,全职,0
50,44266.56,0.242,604.0,57,3,0,5.08,148.98,全职,0
35,44666.17,0.0574,725.0,33,3,1,32.14,134.79,全职,0
49,82568.42,0.3529,635.0,262,6,1,34.35,220.65,兼职,0
26,63132.79,0.5647,725.0,34,7,1,31.24,313.62,兼职,0
51,18057.1,0.2462,696.0,270,2,1,7.01,142.3,全职,1
26,32154.68,0.0913,676.0,226,9,1,21.47,33.02,全职,0
33,48689.82,0.3637,586.0,24,5,1,32.39,64.68,兼职,1
37,24714.64,0.1321,757.0,233,5,1,43.02,5.71,全职,1
47,38673.61,0.1597,662.0,58,3,1,33.2,103.29,自雇,0
47,25025.67,0.3589,712.0,250,6,2,43.47,63.39,全职,1
42,40737.92,0.1269,674.0,334,6,2,47.18,269.14,全职,0
60,41427.02,0.143,666.0,85,4,2,21.84,25.96,全职,0
57,58447.1,0.2997,690.0,250,6,1,29.93,91.42,兼职,0
54,46822.56,0.2911,681.0,179,8,0,44.69,20.02,全职,0
51,63031.81,0.1243,667.0,206,4,3,27.44,48.91,全职,0
58,59383.52,0.134,677.0,343,6,2,52.42,10.64,全职,1
44,82098.09,0.0783,701.0,148,4,2,40.43,211.89,全职,0
31,75878.72,0.1704,705.0,70,9,1,12.11,156.44,全职,0
26,71974.12,0.0859,682.0,120,5,3,7.07,34.03,全职,0
57,231522.82,0.2236,711.0,252,7,1,20.4,70.94,兼职,0
55,58320.06,0.2085,659.0,92,2,2,7.81,56.74,全职,0
52,179294.64,0.1457,791.0,255,4,2,21.47,29.6,兼职,0
31,60241.04,0.2077,754.0,253,4,0,19.97,61.76,全职,0
40,47031.58,0.5393,718.0,351,7,1,56.87,35.07,全职,1
53,40676.97,0.1491,583.0,287,3,0,30.09,145.52,全职,0
22,104282.92,0.035,710.0,308,4,1,43.92,44.22,自雇,0
26,111329.74,0.3926,663.0,58,3,1,13.58,596.18,兼职,0
25,66164.01,0.2668,631.0,68,3,1,68.29,50.51,全职,0
37,86402.63,0.3854,662.0,85,2,0,41.06,61.12,兼职,0
45,25884.25,0.0953,637.0,273,10,3,28.27,92.59,全职,1
37,22597.85,0.4288,705.0,226,3,4,4.73,126.1,全职,1
23,91414.87,0.3267,761.0,80,2,1,51.57,59.03,全职,1
49,46009.09,0.4552,721.0,113,6,0,82.99,90.59,全职,0
53,71299.97,0.4902,818.0,183,4,3,20.27,65.55,全职,0
48,34247.06,0.1755,602.0,279,6,0,20.6,25.06,兼职,0
41,112251.17,0.3302,655.0,321,2,0,13.29,19.14,全职,1
45,22692.52,0.318,633.0,317,4,1,5.44,109.86,兼职,0
33,24519.09,0.3705,741.0,53,9,1,12.81,248.94,全职,0
56,100927.31,0.0953,669.0,196,10,1,75.76,10.69,全职,0
54,13294.15,0.0261,689.0,292,5,2,47.62,13.01,兼职,0
54,59235.98,0.343,712.0,292,2,2,10.82,12.88,兼职,0
64,46459.54,0.0278,607.0,290,3,1,12.65,118.53,自雇,0
58,33928.95,0.4767,649.0,179,7,2,110.84,128.84,全职,0
33,44357.19,0.1369,730.0,221,6,0,8.88,20.57,兼职,0
24,32088.03,0.1647,653.0,273,4,1,11.33,495.61,兼职,0
22,105992.96,0.2988,594.0,243,2,1,14.24,37.15,全职,1
54,120843.13,0.272,635.0,153,7,1,6.78,229.44,全职,0
61,34791.6,0.2921,666.0,303,6,0,13.07,122.55,全职,1
31,56261.31,0.1701,688.0,272,7,0,13.23,20.94,全职,0
64,25272.24,0.5377,676.0,134,7,3,9.76,35.94,全职,0
50,83828.31,0.1587,649.0,312,3,0,58.11,22.82,自雇,0
34,82743.82,0.2938,727.0,7,3,0,7.9,14.23,全职,0
33,42292.66,0.139,674.0,127,4,2,17.93,42.38,兼职,1
52,49436.41,0.0655,690.0,55,5,0,9.96,16.47,全职,1
23,46775.61,0.4051,652.0,125,2,0,16.98,45.84,全职,1
56,21824.12,0.4045,755.0,158,4,0,9.59,377.27,全职,0
44,106191.79,0.2362,660.0,58,7,5,21.34,109.58,全职,0
38,33407.09,0.2235,684.0,57,5,0,25.98,31.28,兼职,0
47,33520.93,0.0838,732.0,139,6,1,61.67,28.83,自雇,0
29,45469.18,0.4073,694.0,175,4,0,12.54,36.56,全职,0
50,80641.95,0.1433,693.0,107,9,0,73.28,433.17,兼职,0
47,36473.76,0.3425,581.0,210,2,1,10.53,18.39,全职,0
31,18470.08,0.4192,714.0,73,6,0,16.6,54.5,全职,0
47,31460.91,0.2238,683.0,166,4,2,82.42,86.95,全职,1
55,60601.21,0.1826,707.0,356,3,1,204.87,184.1,全职,0
62,146513.84,0.3633,689.0,303,6,0,77.38,39.15,全职,0
28,26109.12,0.2116,652.0,232,7,1,16.8,20.85,全职,0
25,25635.9,0.2812,725.0,326,8,4,30.32,72.93,全职,1
32,23010.42,0.1975,690.0,181,9,0,34.68,203.3,兼职,0
50,21625.7,0.2193,616.0,121,5,1,26.48,41.56,全职,1
57,89576.27,0.5495,745.0,333,4,0,8.97,23.58,全职,0
46,103501.8,0.3703,608.0,202,3,0,24.23,60.96,全职,0
42,53577.15,0.2298,725.0,28,7,1,13.4,10.77,兼职,0
57,38798.76,0.191,754.0,201,4,0,9.26,43.87,兼职,0
31,120038.99,0.1034,625.0,92,8,2,15.66,177.33,兼职,0
58,53474.17,0.2338,674.0,328,8,1,25.85,130.95,全职,0
30,84517.88,0.0299,669.0,355,1,0,44.75,47.28,全职,0
45,37864.74,0.3855,671.0,175,5,0,16.39,286.96,兼职,0
56,50117.32,0.1695,772.0,329,4,2,18.86,368.66,全职,0
56,26405.54,0.4813,625.0,210,3,0,38.21,106.07,全职,1
57,67145.99,0.1985,665.0,183,2,3,21.26,12.58,全职,0
39,53931.44,0.3923,755.0,94,8,0,27.26,8.33,全职,0
60,31342.13,0.2928,664.0,272,8,2,21.38,217.78,全职,1
53,31553.71,0.2858,633.0,136,3,1,23.62,69.74,全职,0
45,109971.8,0.0212,693.0,236,4,1,8.47,280.21,全职,0
44,131378.06,0.4005,720.0,352,12,0,22.15,14.32,全职,1
53,44065.5,0.4592,660.0,264,3,1,62.95,46.47,自雇,0
58,50709.92,0.1901,708.0,134,3,3,22.99,152.81,全职,0
33,59877.57,0.3129,611.0,143,4,1,10.31,26.32,全职,1
34,52786.77,0.2343,614.0,18,3,2,65.45,150.62,全职,0
44,21223.22,0.3046,658.0,230,4,0,35.77,48.29,全职,0
46,60714.35,0.0534,710.0,133,6,3,37.12,56.15,全职,0
56,17258.42,0.3809,718.0,113,4,1,36.32,16.72,全职,0
62,33984.43,0.2783,621.0,138,3,2,8.16,70.2,全职,1
51,63114.99,0.3373,716.0,124,8,0,33.73,489.21,全职,0
38,66170.97,0.2692,688.0,203,2,1,60.81,80.48,兼职,0
41,32694.54,0.2779,636.0,60,3,2,13.68,24.74,全职,1
46,38979.13,0.3531,613.0,249,7,2,4.29,220.42,全职,0
43,36427.59,0.4167,691.0,297,3,0,26.91,25.49,全职,0
34,46563.76,0.2429,744.0,12,7,3,20.62,305.24,自雇,0
40,48368.44,0.1169,682.0,254,5,0,5.82,15.26,全职,0
57,68475.69,0.1637,633.0,84,2,0,32.6,71.72,兼职,1
33,37856.26,0.2937,587.0,19,9,0,30.7,251.22,全职,0
62,59082.98,0.4811,756.0,49,4,1,6.22,22.95,全职,0
40,63165.14,0.2426,732.0,163,3,1,91.05,59.33,全职,0
33,54130.05,0.2765,695.0,91,1,2,36.63,173.69,全职,0
30,43053.43,0.7569,754.0,87,2,1,4.43,5.72,全职,0
28,53654.61,0.7037,691.0,68,6,0,38.67,137.95,全职,0
49,71386.93,0.0983,653.0,36,10,1,37.78,50.0,全职,0
35,74577.37,0.4092,708.0,252,6,2,62.3,230.89,全职,0
52,121502.04,0.3706,639.0,251,6,0,12.19,23.87,全职,0
40,29881.26,0.0382,630.0,139,2,1,39.12,13.64,兼职,1
37,39339.97,0.2339,719.0,354,4,2,16.62,31.72,兼职,0
26,21878.63,0.3692,723.0,167,5,3,12.87,31.07,全职,0
56,78081.21,0.3718,616.0,53,8,2,10.05,44.41,自雇,0
33,41470.86,0.3862,618.0,177,5,1,4.38,34.17,全职,0
46,54344.33,0.3774,658.0,296,3,0,30.95,7.33,全职,1
42,36236.81,0.2184,644.0,300,1,4,16.14,49.65,全职,1
57,41632.98,0.0347,704.0,358,7,0,2.26,68.84,全职,0
44,90363.44,0.1245,682.0,105,7,1,21.33,45.0,全职,0
37,69363.54,0.1176,738.0,136,4,1,50.72,72.74,全职,0
60,46362.16,0.1027,696.0,189,4,0,7.06,59.44,全职,0
63,71962.97,0.4509,648.0,127,4,0,11.36,13.71,全职,1
60,72762.07,0.1661,585.0,341,9,2,28.58,40.41,兼职,0
35,40307.27,0.1935,689.0,46,1,1,2.59,61.18,兼职,0
52,23516.56,0.2995,594.0,4,3,0,13.11,43.07,全职,0
26,31270.15,0.0685,647.0,256,4,0,26.5,12.27,全职,0
56,25077.74,0.3934,644.0,299,3,1,12.82,185.51,全职,0
44,87747.38,0.4255,655.0,149,3,0,7.11,20.65,全职,0
50,95708.04,0.0574,614.0,293,8,1,7.39,15.77,全职,0
64,108357.04,0.4721,644.0,242,11,0,5.53,56.87,全职,0
32,17858.27,0.1039,737.0,274,4,1,12.1,39.81,全职,0
39,83759.13,0.1429,737.0,207,2,0,46.77,99.63,全职,0
33,148167.05,0.4562,757.0,114,3,1,132.89,130.67,自雇,0
30,85476.25,0.3328,681.0,194,4,1,20.68,112.23,兼职,0
31,16720.41,0.4568,694.0,342,2,1,37.14,54.5,全职,1
38,118675.62,0.3051,738.0,169,7,1,9.46,94.94,全职,1
59,50053.34,0.1295,606.0,81,2,1,3.77,11.47,自雇,0
28,43643.1,0.2634,720.0,153,11,0,88.35,163.1,全职,0
34,61423.49,0.2074,745.0,140,5,1,12.48,36.42,全职,0
61,29012.92,0.4482,636.0,313,5,1,35.69,391.48,全职,1
63,49089.05,0.4892,749.0,145,4,1,22.8,168.14,全职,0
30,110217.93,0.214,783.0,322,4,1,44.51,44.82,兼职,0
48,66916.34,0.1788,719.0,121,4,3,43.09,55.78,全职,0
23,50473.35,0.2214,710.0,251,3,1,25.08,178.41,全职,0
26,51267.08,0.4593,624.0,342,5,0,27.39,5.7,全职,1
50,27154.63,0.4236,733.0,310,9,1,52.99,46.51,全职,0
58,45479.0,0.1778,629.0,88,5,1,14.47,299.29,全职,0
59,21651.98,0.5045,698.0,57,2,3,69.72,127.08,兼职,0
40,81733.6,0.185,704.0,62,6,2,11.4,23.62,全职,0
29,16434.61,0.2371,515.0,346,7,0,21.35,74.77,全职,1
22,75165.69,0.1233,700.0,307,5,0,33.23,20.56,全职,0
43,79993.88,0.3367,811.0,279,7,2,5.46,38.8,全职,0
38,94786.5,0.2978,575.0,71,7,1,60.67,76.24,全职,0
28,51196.66,0.0772,677.0,8,8,2,29.39,90.91,全职,0
46,77521.78,0.2708,583.0,93,7,0,281.68,113.23,全职,0
25,45257.64,0.1664,635.0,338,3,0,106.12,187.5,全职,0
57,27082.73,0.3828,584.0,335,4,0,19.91,16.55,全职,1
27,105384.01,0.2821,688.0,151,4,0,83.8,55.93,自雇,0
52,46702.69,0.28,720.0,355,3,1,39.56,23.33,全职,0
40,24227.52,0.0399,700.0,39,7,0,24.16,36.64,全职,0
60,38816.18,0.1077,633.0,358,7,0,5.33,25.68,全职,0
48,39590.23,0.483,650.0,61,3,2,6.43,89.96,全职,0
31,61749.95,0.3898,694.0,253,7,0,20.16,156.49,全职,0
47,158502.2,0.1968,635.0,68,8,1,13.51,165.18,全职,0
40,63653.48,0.1113,614.0,244,3,0,24.05,18.08,全职,0
60,54362.07,0.1552,668.0,169,4,4,60.21,48.26,全职,0
24,167357.6,0.1377,633.0,177,7,0,40.12,17.59,全职,0
34,79973.19,0.2848,701.0,188,1,1,11.51,17.01,全职,0
49,55665.99,0.1506,745.0,259,4,1,42.1,28.17,全职,1
41,38572.47,0.0533,810.0,71,2,1,9.67,76.96,全职,0
49,57417.25,0.2935,697.0,16,2,1,8.05,91.74,兼职,0
29,47420.26,0.2692,712.0,340,5,0,27.26,105.03,自雇,0
62,51313.91,0.1677,650.0,56,6,0,10.47,98.73,全职,0
60,94579.99,0.0344,653.0,217,5,2,12.02,23.39,全职,0
22,37415.45,0.3958,744.0,106,4,0,44.49,178.17,全职,0
24,63371.55,0.1615,666.0,303,5,1,33.99,121.91,全职,0
34,78784.38,0.4248,684.0,172,7,0,14.92,36.14,全职,1
49,35205.01,0.1354,741.0,218,4,0,5.47,37.53,全职,0
46,32490.05,0.008,667.0,246,2,1,11.15,28.29,兼职,0
54,45470.95,0.4477,755.0,217,9,0,94.98,15.0,全职,1
59,38916.95,0.1542,709.0,30,4,1,43.52,106.27,全职,1
27,87218.03,0.0604,703.0,46,3,1,62.73,124.22,兼职,0
53,29706.34,0.3104,648.0,133,4,1,24.65,21.63,全职,0
42,50728.12,0.3834,705.0,107,4,0,15.17,15.93,全职,0
37,175084.53,0.132,659.0,71,6,2,41.44,21.4,全职,0
42,60266.29,0.4208,703.0,326,4,0,56.01,60.96,全职,1
32,65489.5,0.5905,675.0,107,6,0,13.68,13.71,全职,0
58,87582.92,0.4465,728.0,308,9,2,11.35,168.65,全职,0
57,38891.28,0.3944,678.0,271,3,3,5.95,158.85,全职,0
56,28546.52,0.321,782.0,170,3,0,11.13,83.46,全职,0
40,53543.82,0.3414,666.0,115,8,0,34.3,122.7,全职,0
41,55977.32,0.3743,653.0,328,6,3,12.47,57.9,兼职,0
39,21826.82,0.0554,697.0,73,1,0,42.33,86.93,全职,0
62,59132.5,0.2146,734.0,255,7,0,96.91,14.88,全职,0
35,83694.22,0.7229,734.0,80,5,1,20.49,219.31,全职,0
36,31055.34,0.2178,688.0,267,7,0,19.83,33.54,全职,0
52,60948.1,0.0777,697.0,127,5,1,31.15,48.0,全职,0
22,76583.11,0.3489,697.0,325,2,1,12.69,656.68,兼职,0
24,65731.87,0.0669,626.0,234,6,3,11.97,43.82,全职,0
37,68906.32,0.2446,731.0,40,7,4,12.26,114.37,兼职,0
44,43373.32,0.2731,617.0,180,5,0,8.03,91.33,兼职,1
32,27896.26,0.407,626.0,156,6,0,41.26,14.4,自雇,1
33,39199.79,0.174,683.0,58,5,2,13.5,20.09,全职,1
31,36569.56,0.0246,664.0,344,6,0,48.87,418.17,自雇,0
53,47092.57,0.2737,720.0,248,3,1,30.67,97.43,全职,1
37,84680.06,0.3507,702.0,191,4,1,19.72,53.68,全职,0
29,25440.05,0.3865,687.0,23,5,1,38.39,31.96,全职,1
59,52687.05,0.0416,624.0,79,8,0,9.44,75.19,自雇,0
33,28804.85,0.3286,681.0,133,10,2,10.76,82.69,全职,0
45,33859.56,0.223,677.0,212,5,1,35.55,68.48,全职,0
49,64820.06,0.2123,691.0,347,3,2,3.47,159.01,全职,0
29,27038.78,0.052,658.0,165,7,1,20.32,22.95,全职,0
49,70765.17,0.0858,706.0,347,2,3,32.21,20.07,全职,0
57,24932.26,0.1965,663.0,336,6,0,57.32,154.95,兼职,0
47,68424.77,0.0152,701.0,70,6,0,67.52,451.55,自雇,0
29,22589.36,0.5128,720.0,213,6,1,18.1,126.8,兼职,0
49,35993.5,0.0071,653.0,64,5,2,37.2,199.89,全职,0
49,126531.58,0.1479,641.0,220,0,0,10.55,50.66,全职,0
58,115182.51,0.319,704.0,307,6,0,14.09,71.24,全职,0
62,39884.29,0.3374,614.0,285,4,0,59.99,70.29,全职,0
57,59574.34,0.209,736.0,184,6,0,19.45,51.65,全职,0
48,89503.59,0.0463,681.0,206,3,1,22.82,223.92,兼职,0
38,68916.31,0.0764,674.0,98,6,0,8.79,166.64,全职,0
30,42756.13,0.6078,707.0,241,3,1,28.16,36.63,兼职,0
54,33714.47,0.3204,704.0,157,5,1,36.72,10.53,自雇,1
41,75663.53,0.5216,680.0,97,2,2,35.82,51.24,全职,1
34,86279.88,0.3065,724.0,41,4,2,7.62,17.21,自雇,0
49,115595.34,0.535,646.0,138,7,0,44.7,55.91,兼职,1
50,21086.23,0.4468,716.0,282,6,1,9.04,18.62,全职,1
34,26197.98,0.1589,626.0,226,7,1,19.67,191.81,全职,0
56,87637.28,0.3196,706.0,71,6,0,5.5,108.25,全职,0
27,22566.79,0.1175,664.0,242,2,0,17.4,105.65,全职,0
39,91060.1,0.0923,614.0,17,0,0,9.0,159.52,全职,0
26,44025.92,0.1346,693.0,76,4,0,14.03,80.73,全职,0
46,37780.3,0.4376,678.0,44,5,0,21.07,94.33,全职,1
23,54323.61,0.1679,603.0,342,2,0,38.93,229.22,全职,0
31,25017.12,0.2732,574.0,139,3,0,37.88,47.73,全职,0
51,74013.84,0.1666,672.0,176,6,1,3.1,99.99,全职,0
26,114098.63,0.1544,761.0,221,9,0,34.56,19.05,全职,1
54,75757.15,0.5031,696.0,91,6,0,23.69,59.1,全职,1
22,43336.29,0.4352,647.0,21,4,3,12.83,522.84,全职,0
39,22719.57,0.5005,734.0,171,2,1,9.93,123.33,兼职,0
53,23160.56,0.5812,725.0,91,6,0,19.11,50.1,全职,0
32,25214.6,0.223,744.0,191,7,3,24.15,71.13,全职,0
42,48720.78,0.1496,714.0,76,2,1,27.18,53.46,全职,0
47,51880.59,0.3703,724.0,280,6,1,17.15,68.83,全职,0
46,75676.41,0.1698,717.0,178,8,1,2.67,36.63,全职,0
43,19969.98,0.2557,656.0,237,4,1,13.51,89.56,全职,0
48,94429.15,0.1953,598.0,134,6,1,7.79,92.79,兼职,1
34,69369.54,0.0943,654.0,279,6,0,103.98,54.96,兼职,0
54,41630.23,0.4591,735.0,18,1,1,21.06,62.81,全职,0
55,27041.26,0.2633,661.0,82,7,1,36.34,76.77,兼职,0
62,91543.57,0.4633,673.0,227,6,1,33.38,32.23,全职,0
56,42190.61,0.3183,622.0,264,5,0,25.75,88.7,自雇,0
22,48532.58,0.4599,652.0,111,3,2,14.4,119.12,全职,1
42,59385.54,0.1667,680.0,250,7,1,13.0,236.24,全职,1
27,31051.44,0.5919,705.0,163,4,0,3.99,75.07,全职,0
49,42570.2,0.4855,657.0,357,2,1,22.51,31.32,全职,1
38,75558.2,0.0757,654.0,167,7,1,25.54,49.26,兼职,0
26,71829.32,0.2826,722.0,220,5,2,19.33,17.41,全职,1
52,72153.68,0.1124,696.0,303,8,0,22.53,113.0,全职,0
26,27512.9,0.6671,702.0,190,7,0,7.65,6.96,全职,1
59,43551.95,0.553,756.0,324,5,0,15.88,152.12,全职,0
24,40207.27,0.6747,655.0,169,4,2,11.94,171.63,全职,0
44,60632.69,0.2847,678.0,44,3,1,34.19,2.91,自雇,1
58,57978.58,0.2776,708.0,13,9,2,20.76,195.45,兼职,0
58,52982.33,0.346,636.0,230,4,0,12.04,152.52,全职,0
31,168192.93,0.4992,691.0,156,8,1,17.67,40.85,全职,1
31,42387.0,0.116,681.0,133,4,1,8.74,16.58,全职,0
40,39978.15,0.2571,819.0,36,2,1,15.45,23.62,兼职,0
38,27491.31,0.4417,685.0,52,2,1,32.01,25.57,自雇,0
42,22721.71,0.5724,738.0,17,5,2,6.92,203.58,全职,0
35,26631.27,0.3451,721.0,37,8,2,19.13,34.85,兼职,0
30,34223.2,0.5416,622.0,186,5,0,11.02,135.01,全职,0
22,94375.48,0.6424,603.0,195,6,0,6.92,48.23,全职,0
34,49990.18,0.2151,692.0,242,3,3,89.32,57.69,自雇,0
25,53996.0,0.3415,743.0,299,5,1,54.76,11.34,全职,1
22,46717.0,0.3205,694.0,302,8,1,12.45,17.34,全职,0
61,58844.31,0.2886,684.0,34,4,2,15.93,198.96,全职,0
53,98818.1,0.2947,666.0,214,5,2,3.98,46.72,全职,0
55,18088.55,0.2978,614.0,218,1,1,5.62,73.75,全职,1
49,90144.45,0.0504,632.0,315,5,2,8.15,332.41,自雇,1
52,13939.49,0.2616,599.0,89,6,1,19.55,48.06,全职,0
29,49716.96,0.3865,625.0,307,3,0,18.32,45.41,兼职,1
60,146671.94,0.381,654.0,251,6,1,26.19,182.38,全职,0
47,68894.32,0.123,719.0,7,5,1,34.57,55.28,全职,0
55,59073.01,0.4781,658.0,255,5,1,25.09,75.19,自雇,1
24,133382.07,0.3691,693.0,207,6,1,8.46,147.94,全职,0
33,34491.51,0.3383,687.0,130,6,0,26.03,54.6,全职,1
22,60899.71,0.1696,705.0,223,7,0,33.39,120.01,全职,0
26,65451.1,0.3396,628.0,196,6,2,14.27,48.63,全职,1
51,37752.2,0.2132,733.0,141,5,5,4.59,145.64,全职,1
51,39456.14,0.5276,610.0,251,6,1,51.79,83.21,兼职,1
38,37350.83,0.0914,658.0,95,6,1,21.56,43.58,自雇,0
44,51208.33,0.3264,679.0,25,5,1,2.19,58.81,全职,0
36,64430.72,0.172,718.0,110,10,1,105.24,4.74,兼职,0
58,52136.22,0.2212,749.0,122,4,2,13.69,180.15,兼职,0
42,69893.71,0.2199,718.0,185,8,1,141.35,15.57,兼职,0
35,18314.1,0.16,751.0,167,6,2,27.16,18.74,全职,0
23,43952.92,0.0509,639.0,50,4,2,17.08,35.23,全职,0
32,29386.49,0.3865,740.0,4,5,0,23.26,9.09,全职,1
60,57003.12,0.1517,731.0,76,4,1,11.39,87.15,全职,0
59,56582.71,0.3776,560.0,159,6,1,21.1,78.34,全职,0
55,46267.22,0.2862,669.0,207,2,2,100.33,33.56,全职,0
59,63268.29,0.1598,710.0,256,2,2,9.79,27.71,全职,0
55,80733.3,0.093,654.0,204,9,1,30.77,27.29,全职,0
39,47559.64,0.3758,626.0,254,1,3,11.29,100.97,全职,0
51,28973.95,0.2416,786.0,10,3,2,17.56,11.09,全职,0
36,22233.85,0.2207,686.0,7,4,0,97.64,36.27,兼职,0
48,49913.91,0.1772,687.0,31,3,0,30.61,11.83,全职,0
55,55322.41,0.3195,615.0,27,2,0,36.47,117.77,兼职,1
59,30189.16,0.4761,649.0,205,6,0,21.26,39.01,自雇,0
54,70465.85,0.0101,635.0,227,2,0,173.54,94.33,兼职,0
45,38968.99,0.1194,734.0,127,7,1,9.4,190.48,兼职,0
36,21413.64,0.2401,705.0,254,10,0,5.68,193.72,自雇,0
51,91878.12,0.2326,651.0,211,1,0,77.39,19.65,全职,0
63,86854.88,0.4053,708.0,238,2,0,14.8,74.4,自雇,1
38,17893.63,0.2464,667.0,206,4,0,27.89,167.57,兼职,0
26,37000.99,0.5285,692.0,317,4,4,79.29,109.56,兼职,1
50,36286.76,0.4431,691.0,282,8,0,28.19,120.94,全职,1
25,111273.27,0.257,701.0,244,6,0,119.66,9.18,全职,0
31,46646.52,0.2231,695.0,44,2,1,22.4,107.89,全职,0
38,23203.56,0.5079,701.0,104,6,1,11.4,24.71,全职,0
31,76195.1,0.225,743.0,347,8,0,3.06,106.13,兼职,0
38,26492.37,0.2371,712.0,280,8,3,25.54,103.84,全职,0
41,43037.61,0.0387,663.0,233,2,3,3.36,98.49,全职,0
45,33360.09,0.0293,675.0,188,5,2,26.04,48.88,全职,0
26,37040.69,0.5592,742.0,43,4,3,64.56,203.59,全职,1
55,78325.54,0.2341,686.0,224,3,2,19.81,90.95,全职,1
27,104889.75,0.3278,661.0,141,8,0,23.38,75.3,全职,0
23,25921.18,0.1027,648.0,135,3,1,41.78,21.45,全职,0
34,67039.56,0.4656,694.0,175,7,1,34.32,81.13,全职,1
64,33983.26,0.192,637.0,141,2,2,50.83,394.93,全职,1
64,34515.51,0.3747,744.0,79,1,0,19.78,13.6,自雇,0
32,62649.95,0.2455,628.0,81,5,1,3.32,113.31,兼职,0
44,29320.69,0.2324,754.0,134,4,0,51.46,128.54,兼职,0
37,62025.53,0.3559,666.0,206,4,4,16.59,306.59,全职,1
52,70619.15,0.2987,626.0,343,4,0,9.95,112.81,全职,0
32,39487.28,0.382,689.0,176,3,0,26.28,55.18,全职,0
37,95181.33,0.1076,632.0,242,0,2,23.32,83.31,自雇,0
29,25941.2,0.2112,682.0,54,2,1,11.03,41.76,兼职,0
25,96057.58,0.5623,651.0,140,3,2,7.18,184.8,全职,1
61,18545.94,0.0903,727.0,55,4,2,29.22,11.6,兼职,0
25,189067.06,0.2446,687.0,14,2,2,10.18,33.52,全职,0
46,40010.57,0.1664,621.0,184,6,0,22.01,85.3,全职,0
24,27415.02,0.2238,650.0,313,5,1,27.08,176.08,全职,0
53,43637.15,0.2417,715.0,87,1,2,43.58,53.85,全职,1
24,29049.63,0.1962,744.0,96,8,1,109.43,24.97,全职,0
48,59485.19,0.393,678.0,143,6,3,24.28,44.22,兼职,0
50,97132.24,0.1954,628.0,7,1,2,14.29,37.83,全职,1
53,29830.06,0.1388,733.0,214,9,3,75.7,39.61,全职,0
40,65493.07,0.3457,715.0,172,3,0,46.45,35.33,自雇,1
42,22779.87,0.0277,745.0,222,9,1,22.98,35.35,全职,0
26,82164.4,0.0362,695.0,39,4,0,24.27,9.82,全职,0
39,60362.19,0.1824,654.0,181,3,0,20.52,73.71,全职,0
49,83959.65,0.4098,706.0,269,7,0,22.87,107.2,全职,1
63,46111.91,0.4179,696.0,186,5,0,18.51,244.3,全职,1
43,39435.5,0.1983,651.0,244,6,1,9.21,129.08,全职,1
42,73722.16,0.0775,690.0,308,3,1,20.23,122.65,全职,0
27,25488.32,0.3332,670.0,230,7,1,81.93,73.41,全职,0
22,20508.36,0.0761,717.0,154,5,2,10.46,9.37,兼职,1
26,48899.33,0.3531,705.0,174,8,1,16.17,72.25,兼职,1
62,40344.15,0.0438,627.0,335,7,4,9.84,61.09,兼职,1
33,64661.2,0.367,622.0,114,3,1,50.7,152.91,全职,0
47,84607.29,0.2302,676.0,310,5,1,39.01,96.3,全职,0
55,63991.6,0.4333,682.0,299,9,2,7.22,47.95,兼职,0
35,81304.09,0.1819,718.0,17,5,0,4.0,386.89,全职,0
47,57556.72,0.2158,706.0,271,6,0,40.15,127.54,全职,1
48,62774.1,0.2147,753.0,11,4,1,6.88,76.7,兼职,0
30,46243.28,0.3994,657.0,300,6,3,38.96,86.08,全职,0
47,61853.42,0.1564,654.0,191,6,0,12.06,58.04,全职,0
43,53280.54,0.4947,632.0,231,5,3,35.02,55.51,兼职,1
51,57675.54,0.1026,717.0,92,6,1,28.65,6.23,自雇,0
64,45100.02,0.6357,681.0,217,4,3,13.08,21.87,全职,0
38,73457.67,0.3296,587.0,277,4,0,9.94,31.79,全职,0
47,34364.31,0.1941,690.0,352,7,2,31.84,85.68,全职,0
57,48573.12,0.1282,693.0,302,7,1,11.54,10.47,兼职,0
22,94456.24,0.3538,673.0,28,5,1,48.77,32.42,全职,1
29,30504.79,0.0731,695.0,300,3,1,10.32,28.52,全职,0
56,16631.89,0.5879,619.0,76,3,1,26.58,61.36,自雇,1
36,58878.34,0.1743,762.0,8,3,0,14.7,85.89,全职,0
43,43110.54,0.1476,699.0,23,2,1,20.18,28.62,自雇,0
35,81261.78,0.3673,591.0,14,6,4,11.47,30.76,自雇,1
47,45923.97,0.5303,680.0,163,3,0,17.41,27.65,全职,0
49,36236.8,0.2905,700.0,12,3,1,2.59,36.96,兼职,0
44,47197.27,0.072,624.0,346,11,1,10.48,51.88,全职,0
35,84671.5,0.3713,707.0,171,4,1,12.55,203.39,兼职,0
45,65361.25,0.6207,764.0,356,10,1,18.96,19.84,兼职,1
23,14516.61,0.2446,648.0,326,8,0,56.52,314.46,全职,0
47,53792.2,0.2873,701.0,199,3,1,11.49,15.9,兼职,0
35,55153.81,0.1353,690.0,75,7,2,62.25,141.83,兼职,0
28,48575.52,0.1876,728.0,163,5,2,10.08,33.93,全职,0
24,36118.3,0.4313,675.0,60,3,1,8.28,21.96,全职,0
44,89077.85,0.2332,627.0,244,5,0,4.45,203.75,全职,0
64,91310.13,0.2848,725.0,154,6,0,32.64,59.25,全职,1
39,16291.84,0.1174,630.0,256,5,1,21.52,57.02,自雇,0
59,32893.17,0.3113,770.0,243,5,1,31.13,41.39,兼职,0
56,45598.71,0.4255,708.0,161,2,1,22.32,30.52,全职,0
36,78767.37,0.3354,650.0,67,6,0,19.94,45.75,全职,0
46,49882.55,0.2963,735.0,343,5,1,25.22,2.17,全职,0
58,34828.91,0.1518,680.0,276,4,0,112.39,8.55,全职,1
49,69896.22,0.2882,669.0,160,7,0,13.75,80.83,全职,0
31,44105.16,0.2996,646.0,258,5,2,103.9,178.18,全职,0
60,46226.09,0.0793,586.0,306,6,0,39.72,213.48,全职,0
38,48359.64,0.1311,710.0,334,6,1,26.9,20.97,自雇,1
60,65326.58,0.3593,599.0,94,6,3,31.3,66.21,全职,0
43,42012.61,0.3164,640.0,245,3,3,1.56,6.09,全职,1
47,69111.28,0.1483,702.0,220,5,0,16.29,38.42,全职,0
46,47262.17,0.4168,655.0,122,4,1,11.75,124.42,自雇,0
38,28752.84,0.4252,688.0,186,8,3,108.84,53.65,兼职,1
34,48127.64,0.2247,619.0,261,3,0,15.29,39.18,兼职,1
41,29507.31,0.3796,663.0,272,2,1,19.61,53.88,全职,0
46,50035.77,0.115,688.0,59,1,1,19.36,196.93,全职,0
25,74216.14,0.2595,632.0,124,7,2,7.06,42.75,全职,1
31,28657.93,0.2221,764.0,336,3,0,12.83,58.71,全职,0
24,58814.09,0.3844,648.0,340,2,3,38.61,249.48,全职,0
62,32385.99,0.4588,749.0,50,4,0,3.65,43.45,自雇,0
39,54222.45,0.1533,672.0,177,6,0,25.77,10.63,全职,1
57,75365.29,0.1061,602.0,138,2,0,9.77,214.52,全职,1
43,16902.95,0.2939,623.0,326,7,2,56.82,150.75,兼职,0
55,28078.57,0.1685,689.0,169,4,0,27.55,5.95,全职,0
29,40762.19,0.1538,732.0,38,10,0,5.95,47.93,全职,0
61,57383.97,0.4118,768.0,68,8,2,14.4,53.4,全职,0
40,45107.7,0.2452,686.0,235,6,1,28.87,214.57,全职,0
63,47909.05,0.3612,621.0,47,7,1,15.75,53.82,兼职,1
62,136147.24,0.4183,694.0,56,3,2,22.56,64.45,全职,0
58,26736.14,0.4028,639.0,276,4,0,19.78,66.49,兼职,0
27,86486.4,0.1909,700.0,337,8,1,40.18,34.26,兼职,0
47,41151.31,0.2548,633.0,98,5,2,28.55,199.78,兼职,0
55,64520.44,0.3364,576.0,14,4,0,19.33,24.72,全职,0
27,142126.57,0.4355,746.0,324,4,0,20.38,33.6,全职,0
58,69171.14,0.2614,669.0,178,5,1,8.45,54.27,全职,0
54,59056.38,0.2597,682.0,331,5,1,64.97,14.32,全职,0
43,109049.93,0.1498,730.0,61,4,4,214.81,319.07,兼职,0
42,86025.52,0.109,774.0,118,3,1,15.42,54.55,全职,0
27,32869.58,0.3895,716.0,36,6,0,20.87,124.54,兼职,0
27,56798.34,0.3952,685.0,133,8,0,45.24,20.96,全职,0
25,20769.73,0.2724,703.0,25,5,2,45.04,111.24,全职,0
51,37418.6,0.3007,665.0,7,5,3,23.17,121.1,兼职,0
32,57355.64,0.2449,682.0,3,3,1,9.2,139.89,全职,0
51,36277.29,0.4805,687.0,20,5,0,86.02,366.87,兼职,0
52,56200.64,0.3205,641.0,148,5,1,34.64,31.24,全职,0
45,48693.83,0.4499,681.0,24,10,0,23.96,45.3,自雇,0
30,64100.56,0.1166,698.0,142,4,3,11.27,23.45,全职,0
24,39652.15,0.4227,706.0,244,4,1,21.04,49.59,兼职,0
52,30635.83,0.1458,702.0,42,9,0,4.7,106.07,全职,0
61,102648.25,0.1985,613.0,292,5,1,36.33,100.51,全职,0
58,38259.67,0.3281,741.0,184,4,0,44.16,281.67,自雇,0
57,68186.73,0.4891,737.0,41,2,1,24.14,89.14,兼职,1
45,100470.91,0.2724,675.0,91,4,3,9.32,54.63,全职,1
52,53174.54,0.1866,703.0,316,4,1,28.83,18.32,全职,0
27,31947.42,0.2006,669.0,323,5,1,37.71,129.84,全职,0
23,44832.79,0.0512,718.0,52,2,0,11.08,46.69,全职,0
41,81533.6,0.2219,639.0,83,8,1,42.4,132.83,兼职,1
49,54345.86,0.1052,747.0,33,3,0,30.56,35.7,全职,0
32,26834.11,0.2478,715.0,75,5,1,16.13,181.4,全职,0
25,66060.21,0.2212,716.0,352,4,0,12.86,80.34,全职,0
36,72024.8,0.0915,675.0,196,5,1,17.41,147.27,全职,0
27,41041.71,0.1953,609.0,285,7,2,9.24,80.3,兼职,0
51,66510.97,0.1702,724.0,87,6,1,24.73,21.64,自雇,0
59,55409.66,0.4751,611.0,234,7,0,31.4,37.89,全职,0
23,44412.9,0.1589,725.0,231,3,0,51.16,15.17,兼职,0
36,25673.95,0.3294,641.0,6,8,1,25.48,65.67,全职,1
32,84034.02,0.3551,601.0,291,3,1,27.47,12.65,全职,0
29,71654.09,0.1903,680.0,37,6,1,16.21,73.25,全职,0
47,65640.17,0.1631,739.0,51,6,2,9.98,1.46,全职,0
26,106113.34,0.2867,632.0,142,6,0,14.24,122.72,全职,0
27,78636.94,0.1066,760.0,220,3,1,62.96,18.11,全职,1
47,69098.13,0.0966,713.0,239,1,0,33.36,21.03,兼职,0
25,16210.04,0.1261,688.0,142,6,0,27.82,215.27,兼职,0
40,89183.16,0.3146,658.0,348,5,0,4.7,75.17,自雇,0
41,51100.02,0.4805,662.0,48,2,1,25.8,127.27,全职,0
54,57310.88,0.063,702.0,276,4,1,6.93,19.98,全职,0
41,57507.27,0.2118,722.0,270,10,2,7.34,142.86,全职,0
33,72179.86,0.0536,650.0,13,3,3,8.03,47.59,全职,1
22,85912.75,0.1784,640.0,297,11,2,10.82,61.41,全职,0
47,67313.8,0.2625,669.0,14,2,0,39.12,242.33,全职,0
35,62170.93,0.1145,750.0,233,3,0,24.08,17.07,全职,0
59,55036.75,0.2389,619.0,62,3,2,9.44,136.05,全职,0
58,9174.61,0.0544,737.0,195,2,2,12.62,80.27,全职,0
32,42455.19,0.043,682.0,26,3,1,29.92,44.12,全职,0
57,30613.77,0.2538,597.0,92,6,3,35.1,18.28,全职,0
34,89802.65,0.264,657.0,104,6,1,22.35,43.63,全职,0
64,66804.02,0.2355,710.0,308,7,0,8.02,24.09,兼职,1
24,38984.97,0.5668,770.0,51,3,2,14.44,178.9,全职,0
54,40992.38,0.3773,614.0,318,5,0,134.94,59.85,兼职,0
27,40255.8,0.0672,539.0,180,2,1,7.62,27.74,全职,1
31,39898.22,0.2695,615.0,56,5,1,27.11,12.97,全职,0
26,23806.67,0.2087,737.0,119,4,2,109.58,34.36,兼职,0
44,21361.81,0.1947,590.0,307,1,0,16.14,187.96,全职,0
31,49737.94,0.1955,755.0,42,3,2,87.1,61.03,全职,0
23,83923.17,0.1992,741.0,134,3,1,11.59,45.6,兼职,0
34,37464.73,0.0131,690.0,259,8,1,4.14,298.48,全职,0
61,57052.23,0.2842,649.0,196,10,0,12.64,36.07,全职,0
23,70765.75,0.3144,683.0,132,4,1,10.96,24.33,兼职,0
41,29831.22,0.4968,711.0,254,5,4,5.28,81.78,兼职,1
22,48533.63,0.6156,703.0,219,6,1,14.38,83.06,全职,0
58,35127.51,0.2594,767.0,335,3,0,44.38,30.36,全职,0
30,109432.12,0.2844,667.0,40,11,1,12.49,24.59,兼职,0
38,107069.11,0.4306,615.0,254,5,3,14.87,232.08,全职,1
30,29846.67,0.3753,606.0,1,5,1,60.12,35.41,全职,1
32,59453.05,0.2333,596.0,194,3,1,11.04,12.78,全职,1
36,83600.07,0.4163,690.0,241,7,1,32.95,66.21,自雇,0
45,74919.15,0.6781,668.0,148,2,0,5.12,133.57,全职,1
59,51061.27,0.4691,682.0,197,5,1,9.27,45.12,兼职,0
56,94209.73,0.29,653.0,298,4,1,16.93,93.42,全职,1
51,31186.56,0.1949,624.0,244,6,0,52.84,19.16,全职,0
52,42127.4,0.4005,711.0,337,4,1,9.68,102.34,兼职,0
26,31608.42,0.0378,557.0,107,5,1,9.59,21.01,自雇,0
35,72493.11,0.173,640.0,211,3,0,24.98,74.08,全职,0
32,36632.15,0.151,719.0,155,5,0,28.4,117.64,全职,1
30,44998.09,0.253,635.0,25,6,0,8.77,60.26,自雇,0
55,66758.38,0.2771,700.0,81,3,1,13.23,15.87,全职,0
33,69502.98,0.079,640.0,82,7,1,47.91,16.58,全职,0
56,31145.87,0.3634,657.0,130,4,0,7.81,268.57,全职,0
56,83143.86,0.0861,709.0,328,2,1,26.4,25.33,兼职,0
22,61564.76,0.5048,616.0,99,12,2,13.28,117.35,兼职,0
61,28542.47,0.4537,717.0,255,4,1,61.69,61.46,自雇,0
43,25238.91,0.1548,682.0,48,2,0,31.96,20.0,全职,0
50,48634.58,0.1474,743.0,62,7,0,40.63,32.05,全职,0
29,74985.27,0.1139,690.0,310,1,1,13.06,298.82,全职,0
32,75952.08,0.158,627.0,289,0,0,38.85,1789.42,全职,0
62,58576.18,0.4491,766.0,104,3,1,38.05,39.75,全职,1
58,50228.48,0.1611,631.0,104,10,0,30.43,37.1,全职,0
35,63314.45,0.5257,669.0,324,2,0,16.02,10.61,全职,0
51,31963.02,0.2433,728.0,14,9,1,22.88,10.49,全职,0
56,113947.6,0.293,586.0,174,3,2,4.56,23.17,全职,0
42,113206.54,0.6386,752.0,258,6,0,82.04,34.99,兼职,0
58,60742.94,0.5224,622.0,210,5,1,12.39,53.23,全职,0
26,54103.29,0.1007,657.0,258,3,0,15.37,108.87,全职,0
40,39906.3,0.3795,694.0,101,8,0,7.0,68.09,全职,0
35,63855.27,0.2592,678.0,259,4,0,34.41,110.69,兼职,1
47,34694.67,0.0921,719.0,343,5,2,30.67,29.55,全职,0
25,16126.09,0.0556,600.0,158,4,2,15.86,50.87,全职,0
46,12618.84,0.3146,716.0,44,4,2,3.1,37.94,全职,0
63,32867.87,0.1011,720.0,300,3,0,11.37,15.38,全职,0
46,53007.52,0.3348,731.0,250,5,0,29.02,7.58,兼职,0
39,57871.82,0.3373,601.0,330,3,2,24.56,27.96,全职,1
61,38431.07,0.3847,607.0,164,7,1,19.36,4.57,全职,0
29,52623.47,0.3743,663.0,192,2,1,14.31,17.59,全职,1
60,42739.8,0.3018,612.0,8,7,0,5.68,94.18,全职,1
61,29742.84,0.3321,590.0,64,4,3,43.43,65.38,全职,0
35,47721.04,0.4568,661.0,281,3,0,6.35,55.78,全职,1
53,73605.76,0.3254,692.0,180,3,1,17.06,177.78,兼职,0
59,30423.45,0.4253,820.0,281,8,1,8.78,26.35,兼职,1
54,30430.41,0.3441,707.0,278,10,2,44.48,107.98,兼职,1
44,28720.74,0.0666,768.0,29,5,1,32.0,24.36,全职,0
36,18615.33,0.3814,678.0,265,8,1,15.09,72.06,全职,0
54,38557.23,0.2338,708.0,327,1,2,34.92,63.66,全职,0
46,70055.5,0.4845,673.0,216,6,1,6.09,67.19,全职,0
38,53474.39,0.256,814.0,319,2,0,18.85,37.09,全职,0
54,45043.08,0.1992,646.0,104,4,1,8.64,75.14,自雇,0
23,52288.53,0.2252,653.0,183,4,2,45.61,81.25,全职,1
35,38388.35,0.1611,720.0,329,8,1,27.1,13.06,自雇,0
61,18509.82,0.2333,690.0,147,7,2,33.78,127.55,全职,0
61,72537.53,0.0819,659.0,104,4,2,12.9,15.86,全职,1
60,83747.56,0.4833,728.0,46,7,3,36.45,22.71,全职,1
27,34061.45,0.3994,678.0,86,5,1,8.22,69.54,全职,0
27,45459.73,0.6237,678.0,308,7,0,9.22,99.28,全职,1
24,43542.83,0.4043,692.0,128,3,0,17.46,68.04,兼职,1
28,58433.49,0.019,593.0,257,4,2,9.51,75.61,兼职,1
29,114113.26,0.2935,600.0,313,8,3,35.43,17.52,全职,0
63,87543.9,0.3358,734.0,146,7,1,13.75,32.34,全职,0
36,40600.79,0.0616,646.0,71,2,1,8.46,7.03,自雇,1
50,64294.66,0.2687,673.0,139,2,1,7.63,21.78,兼职,0
54,91782.64,0.0951,761.0,26,6,1,35.09,14.27,全职,0
51,60124.49,0.1797,676.0,28,8,0,2.62,55.33,兼职,0
60,48905.75,0.4569,669.0,270,4,0,8.95,576.01,全职,0
48,61267.21,0.1388,725.0,173,6,0,61.7,116.76,全职,0
57,34487.91,0.3306,650.0,252,8,1,15.25,5.78,全职,0
50,37099.52,0.0349,740.0,59,6,1,35.63,11.97,全职,1
59,28795.74,0.5339,724.0,106,4,1,28.28,14.9,全职,0
54,57155.58,0.2857,772.0,219,6,0,17.24,9.44,全职,0
58,45903.59,0.1932,645.0,258,6,2,5.33,41.16,全职,0
48,32481.99,0.3279,748.0,145,4,1,6.95,68.63,自雇,0
54,45157.44,0.6224,708.0,51,4,2,6.86,14.98,自雇,1
25,62006.79,0.1658,614.0,59,5,1,29.54,43.68,全职,0
43,127689.42,0.1164,550.0,33,9,1,34.32,68.05,全职,0
23,81310.78,0.3667,640.0,95,5,1,9.94,109.83,全职,1
31,15645.3,0.1717,695.0,88,6,1,18.86,63.82,全职,1
